{
  "threshold": 0.10294435918331146,
  "mean_error": 0.06443233788013458,
  "std_error": 0.01925601065158844,
  "input_size": 5,
  "window_size": 30,
  "hidden_size": 64,
  "latent_size": 16
}