{
  "threshold": 0.11546524614095688,
  "mean_error": 0.0746474489569664,
  "std_error": 0.02040889859199524,
  "input_size": 5,
  "window_size": 30,
  "hidden_size": 64,
  "latent_size": 16
}